film_title,category_name,sum
Zorro Ark,Comedy,1000
Zoolander Fiction,Children,999
Zhivago Core,Horror,998
Youth Kick,Music,997
Young Language,Documentary,996
Yentl Idaho,Horror,995
Wyoming Storm,New,994
Wrong Behavior,Children,993
Wrath Mile,Documentary,992
Worst Banger,Action,991
World Leathernecks,Horror,990
Working Microcosmos,Travel,989
Worker Tarzan,Travel,988
Words Hunter,Music,987
Wonka Sea,Animation,986
Wonderland Christmas,Sci-Fi,985
Wonderful Drop,Foreign,984
Won Dares,Music,983
Women Dorado,Action,982
Wolves Desire,Travel,981
Wizard Coldblooded,Music,980
Witches Panic,Drama,979
Wisdom Worker,Comedy,978
Window Side,Travel,977
Wind Phantom,Games,976
Willow Tracy,Family,975
Wild Apollo,New,974
Wife Turn,Documentary,973
Whisperer Giant,Sci-Fi,972
Whale Bikini,Foreign,971
Westward Seabiscuit,Classics,970
West Lion,Drama,969
Werewolf Lola,Action,968
Weekend Personal,Sci-Fi,967
Wedding Apollo,Documentary,966
Watership Frontier,Horror,965
Waterfront Deliverance,Action,964
Watch Tracy,Animation,963
Wasteland Divine,Classics,962
Wash Heavenly,Foreign,961
Wars Pluto,Documentary,960
Warlock Werewolf,Children,959
Wardrobe Phantom,Drama,958
War Notting,Foreign,957
Wanda Chamber,Games,956
Walls Artist,Children,955
Wake Jaws,New,954
Wait Cider,Animation,953
Wagon Jaws,Documentary,952
Voyage Legally,Classics,951
Volume House,Classics,950
Volcano Texas,Games,949
Voice Peach,New,948
Vision Torque,Foreign,947
Virtual Spoilers,Family,946
Virginian Pluto,Documentary,945
Virgin Daisy,Drama,944
Villain Desperate,Documentary,943
Vietnam Smoochy,Drama,942
Videotape Arsenic,Games,941
Victory Academy,Sports,940
Vertigo Northwest,Comedy,939
Velvet Terminator,Comedy,938
Varsity Trip,New,937
Vanishing Rocky,Music,936
Vanished Garden,New,935
Vanilla Day,Games,934
Vampire Whale,New,933
Valley Packer,Comedy,932
Valentine Vanishing,Travel,931
Vacation Boondock,Sci-Fi,930
Usual Untouchables,Foreign,929
Uptown Young,Children,928
Uprising Uptown,Action,927
Untouchables Sunrise,Documentary,926
United Pilot,Documentary,925
Unforgiven Zoolander,Sci-Fi,924
Unfaithful Kill,Drama,923
Undefeated Dalmations,Horror,922
Uncut Suicides,Music,921
Unbreakable Karate,New,920
Tycoon Gathering,Games,919
Twisted Pirates,Children,918
Tuxedo Mile,Sports,917
Turn Star,Animation,916
Truman Crazy,Action,915
Trouble Date,Travel,914
Troopers Metal,New,913
Trojan Tomorrow,Sci-Fi,912
Trip Newton,Action,911
Treatment Jekyll,Drama,910
Treasure Command,Horror,909
Trap Guys,Foreign,908
Translation Summer,Drama,907
Tramp Others,Comedy,906
Trainspotting Strangers,Comedy,905
Train Bunch,Horror,904
Traffic Hobbit,Travel,903
Trading Pinocchio,Sports,902
Tracy Cider,Animation,901
Town Ark,Foreign,900
Towers Hurricane,Classics,899
Tourist Pelican,Sports,898
Torque Bound,Drama,897
Tootsie Pilot,Children,896
Tomorrow Hustler,Classics,895
Tomatoes Hellfighters,Travel,894
Titans Jerk,Sci-Fi,893
Titanic Boondock,Animation,892
Timberland Sky,Classics,891
Tights Dawn,Sports,890
Ties Hunger,Children,889
Thin Sagebrush,Documentary,888
Thief Pelican,Animation,887
Theory Mermaid,Animation,886
Texas Watch,Horror,885
Terminator Club,Music,884
Tequila Past,Children,883
Tenenbaums Command,Drama,882
Temple Attraction,Horror,881
Telemark Heartbreakers,Animation,880
Telegraph Voyage,Music,879
Teen Apollo,Travel,878
Taxi Kick,Music,877
Tarzan Videotape,Horror,876
Talented Homicide,Sports,875
Tadpole Park,Classics,874
Sweethearts Suspects,Children,873
Sweet Brotherhood,Travel,872
Sweden Shining,Comedy,871
Swarm Gold,Horror,870
Suspects Quills,Action,869
Superfly Trip,Travel,868
Super Wyoming,Family,867
Sunset Racer,Family,866
Sunrise League,Animation,865
Sundance Invasion,Children,864
Sun Confessions,Sci-Fi,863
Summer Scarface,Classics,862
Suit Walls,Games,861
Suicides Silence,Sci-Fi,860
Sugar Wonka,Animation,859
Submarine Bed,Comedy,858
Strictly Scarface,Comedy,857
Streetcar Intentions,Horror,856
Streak Ridgemont,Documentary,855
Strangers Graffiti,Horror,854
Stranger Strangers,Children,853
Strangelove Desire,Children,852
Straight Hours,Sports,851
Story Side,Action,850
Storm Happiness,Animation,849
Stone Fire,Travel,848
Stock Glass,New,847
Sting Personal,New,846
Stepmom Dream,Foreign,845
Steers Armageddon,Sports,844
Steel Santa,Classics,843
State Wasteland,Games,842
Star Operation,Sports,841
Stampede Disturbing,Games,840
Stallion Sundance,Sci-Fi,839
Stagecoach Armageddon,Action,838
Stage World,Comedy,837
Squad Fish,Sports,836
Spy Mile,Games,835
Spoilers Hellfighters,Documentary,834
Splendor Patton,Children,833
Splash Gump,Family,832
Spirited Casualties,Sci-Fi,831
Spirit Flintstones,Horror,830
Spinal Rocky,Family,829
Spiking Element,Classics,828
Spice Sorority,Drama,827
Speed Suit,Travel,826
Speakeasy Date,Action,825
Spartacus Cheaper,Family,824
South Wait,Action,823
Soup Wisdom,Family,822
Sorority Queen,Foreign,821
Sons Interview,Animation,820
Song Hedwig,Music,819
Something Duck,Drama,818
Soldiers Evolution,Sci-Fi,817
Snowman Rollercoaster,Animation,816
Snatchers Montezuma,Classics,815
Snatch Slipper,Comedy,814
Smoochy Control,Sports,813
Smoking Barbarella,Documentary,812
Smile Earring,Travel,811
Slums Duck,Family,810
Slipper Fidelity,Sports,809
Sling Luke,Classics,808
Sleuth Orient,Games,807
Sleepy Japanese,New,806
Sleepless Monsoon,Animation,805
Sleeping Suspects,Horror,804
Slacker Liaisons,Drama,803
Sky Miracle,Action,802
Sister Freddy,Children,801
Sinners Atlantis,Horror,800
Simon North,Horror,799
Silverado Goldfinger,Sci-Fi,798
Silence Kane,Music,797
Sierra Divide,Sports,796
Siege Madre,Family,795
Side Ark,Action,794
Shrunk Divine,Action,793
Shrek License,Foreign,792
Show Lord,Documentary,791
Shootist Superfly,Drama,790
Shock Cabin,Foreign,789
Ship Wonderland,Documentary,788
Shining Roses,Travel,787
Shepherd Midsummer,Children,786
Shawshank Bubble,Travel,785
Shanghai Tycoon,Travel,784
Shane Darkness,Travel,783
Shakespeare Saddle,Sports,782
Seven Swarm,Games,781
Sensibility Rear,Family,780
Sense Greek,Sports,779
Secrets Paradise,Family,778
Secretary Rouge,Sports,777
Secret Groundhog,Documentary,776
Seattle Expecations,Drama,775
Searchers Wait,Comedy,774
Seabiscuit Punk,Sports,773
Sea Virgin,Drama,772
Scorpion Apollo,Drama,771
Scissorhands Slums,Foreign,770
School Jacket,Foreign,769
Scarface Bang,Children,768
Scalawag Duck,Music,767
Savannah Town,Drama,766
Saturn Name,Comedy,765
Saturday Lambs,Sports,764
Satisfaction Confidential,Sports,763
Sassy Packer,Games,762
Santa Paris,Children,761
Samurai Lion,New,760
Salute Apollo,New,759
Saints Bride,Drama,758
Sagebrush Clueless,Documentary,757
Saddle Antitrust,Comedy,756
Sabrina Midnight,Children,755
Rushmore Mermaid,Comedy,754
Rush Goodfellas,Family,753
Runner Madigan,Music,752
Runaway Tenenbaums,New,751
Run Pacific,New,750
Rules Human,Horror,749
Rugrats Shakespeare,Action,748
Roxanne Rebel,Games,747
Rouge Squad,Games,746
Roses Treasure,Sports,745
Roots Remember,Classics,744
Room Roman,Animation,743
Roof Champion,Games,742
Roman Punk,Music,741
Rollercoaster Bringing,Horror,740
Rocky War,Drama,739
Rocketeer Mother,Foreign,738
Rock Instinct,Horror,737
Robbery Bright,Family,736
Robbers Joon,Children,735
Road Roxanne,Documentary,734
River Outlaw,Sports,733
Rings Heartbreakers,Action,732
Right Cranes,Classics,731
Ridgemont Submarine,New,730
Rider Caddyshack,Sports,729
Reunion Witches,Drama,728
Resurrection Silverado,Family,727
Reservoir Adaptation,Foreign,726
Requiem Tycoon,Classics,725
Remember Diary,Family,724
Reign Gentlemen,Sci-Fi,723
Reef Salute,Horror,722
Reds Pocus,Music,721
Redemption Comforts,New,720
Records Zorro,Sports,719
Rebel Airport,Music,718
Rear Trading,Action,717
Reap Unfaithful,Horror,716
Range Moonwalker,Family,715
Random Go,Sci-Fi,714
Rainbow Shock,Documentary,713
Raiders Antitrust,Documentary,712
Raging Airplane,Sci-Fi,711
Rage Games,Family,710
Racer Egg,Drama,709
Quills Bull,Documentary,708
Quest Mussolini,Action,707
Queen Luke,Drama,706
Purple Movie,Foreign,705
Pure Runner,Comedy,704
Punk Divorce,Animation,703
Pulp Beverly,Horror,702
Psycho Shrunk,Games,701
Prix Undefeated,Family,700
Private Drop,Games,699
Princess Giant,Documentary,698
Primary Glass,Action,697
Pride Alamo,Animation,696
President Bang,Family,695
Prejudice Oleander,Classics,694
Potter Connecticut,Animation,693
Potluck Mixed,Animation,692
Poseidon Forever,Sports,691
Pond Seattle,Animation,690
Pollock Deliverance,Foreign,689
Polish Brooklyn,Children,688
Pocus Pulp,Documentary,687
Pluto Oleander,New,686
Platoon Instinct,New,685
Pizza Jumanji,Games,684
Pity Bound,Drama,683
Pittsburgh Hunchback,Family,682
Pirates Roxanne,Sports,681
Pinocchio Simon,Comedy,680
Pilot Hoosiers,Family,679
Pickup Driving,Sports,678
Pianist Outfield,New,677
Philadelphia Wife,Sports,676
Phantom Glory,New,675
Pet Haunting,Foreign,674
Personal Ladybugs,Music,673
Perfect Groove,Comedy,672
Perdition Fargo,Sports,671
Pelican Comforts,Documentary,670
Pearl Destiny,Foreign,669
Peak Forever,Sports,668
Peach Innocent,Sports,667
Paycheck Wait,Drama,666
Patton Interview,Horror,665
Patriot Roman,Action,664
Patient Sister,Classics,663
Paths Control,Drama,662
Past Suicides,Foreign,661
Party Knock,Comedy,660
Park Citizen,Action,659
Paris Weekend,Horror,658
Paradise Sabrina,Comedy,657
Papi Necklace,Travel,656
Panther Reds,Sci-Fi,655
Panky Submarine,Games,654
Panic Club,Horror,653
Pajama Jawbreaker,Classics,652
Packer Madigan,Animation,651
Pacific Amistad,Documentary,650
Oz Liaisons,Animation,649
Outlaw Hanky,Travel,648
Outfield Massacre,Music,647
Outbreak Divine,Games,646
Others Soup,Travel,645
Oscar Gold,Animation,644
Orient Closer,Drama,643
Order Betrayed,Travel,642
Orange Grapes,Foreign,641
Opus Ice,Foreign,640
Opposite Necklace,Family,639
Operation Operation,Comedy,638
Open African,Sci-Fi,637
Oleander Clue,Music,636
Oklahoma Jumanji,New,635
Odds Boogie,Family,634
October Submarine,Classics,633
Nuts Ties,New,632
Novocaine Flight,Sports,631
Notting Speakeasy,Drama,630
Notorious Reunion,Documentary,629
Northwest Polish,Sports,628
North Tequila,Documentary,627
Noon Papi,Children,626
None Spiking,Sci-Fi,625
Nightmare Chill,Games,624
Newton Labyrinth,Foreign,623
Newsies Story,Documentary,622
Network Peak,Family,621
Nemo Campus,Sci-Fi,620
Neighbors Charade,Sports,619
Necklace Outbreak,Drama,618
Natural Stock,Family,617
National Story,Documentary,616
Nash Chocolat,Animation,615
Name Detective,Games,614
Mystic Truman,Comedy,613
Mussolini Spoilers,Sports,612
Musketeers Wait,Classics,611
Music Boondock,Family,610
Muscle Bright,Travel,609
Murder Antitrust,Children,608
Muppet Mile,Foreign,607
Mummy Creatures,Sports,606
Mulholland Beast,Foreign,605
Mulan Moon,Comedy,604
Movie Shakespeare,Family,603
Mourning Purple,Sci-Fi,602
Moulin Wake,Travel,601
Motions Details,Horror,600
Mother Oleander,Sports,599
Mosquito Armageddon,Sports,598
Moonwalker Fool,Games,597
Moonshine Cabin,Games,596
Moon Bunch,Foreign,595
Montezuma Command,Action,594
Monterey Labyrinth,Horror,593
Monster Spartacus,Music,592
Monsoon Cause,Games,591
Money Harold,New,590
Modern Dorado,Documentary,589
Model Fish,Children,588
Mod Secretary,Documentary,587
Mockingbird Hollywood,Action,586
Mob Duffel,Drama,585
Mixed Doors,Foreign,584
Mission Zoolander,Animation,583
Miracle Virtual,Animation,582
Minority Kiss,Music,581
Mine Titans,New,580
Minds Truman,Action,579
Million Ace,Classics,578
Mile Mulan,Sports,577
Mighty Luck,Documentary,576
Midsummer Groundhog,Documentary,575
Midnight Westward,Action,574
Microcosmos Paradise,Children,573
Metropolis Coma,Sci-Fi,572
Metal Armageddon,Documentary,571
Mermaid Insects,Sports,570
Menagerie Rushmore,Animation,569
Memento Zoolander,Comedy,568
Meet Chocolate,Foreign,567
Maude Mod,Foreign,566
Matrix Snowman,Foreign,565
Massage Image,Animation,564
Massacre Usual,Games,563
Masked Bubble,Music,562
Mask Peach,New,561
Mars Roman,Games,560
Married Go,Sci-Fi,559
Mannequin Worst,New,558
Manchurian Curtain,Family,557
Maltese Hope,Games,556
Mallrats United,Comedy,555
Malkovich Pet,Classics,554
Maker Gables,Children,553
Majestic Floats,Documentary,552
Maiden Home,New,551
Maguire Apache,Family,550
Magnolia Forrester,Action,549
Magnificent Chitty,Classics,548
Magic Mallrats,Children,547
Madre Gables,Games,546
Madness Attacks,Foreign,545
Madison Trap,Documentary,544
Madigan Dorado,Travel,543
Lust Lock,Action,542
Luke Mummy,Animation,541
Lucky Flying,Music,540
Luck Opus,Drama,539
Loverboy Attacks,New,538
Lover Truman,Classics,537
Lovely Jingle,Classics,536
Love Suicides,Horror,535
Louisiana Harry,Family,534
Lost Bird,Foreign,533
Loser Hustler,Sports,532
Lose Inch,Foreign,531
Lord Arizona,Action,530
Lonely Elephant,Comedy,529
Lolita World,Family,528
Lola Agent,Horror,527
Lock Rear,Travel,526
Loathing Legally,Classics,525
Lion Uncut,Comedy,524
Lights Deer,Classics,523
Life Twisted,Comedy,522
Lies Treatment,Drama,521
License Weekend,Sci-Fi,520
Liberty Magnificent,Sports,519
Liaisons Sweet,Travel,518
Lesson Cleopatra,Sports,517
Legend Jedi,Music,516
Legally Secretary,Children,515
Lebowski Soldiers,Drama,514
Leathernecks Dwarfs,Travel,513
League Hellfighters,Classics,512
Lawrence Love,Action,511
Lawless Vision,Animation,510
Language Cowboy,Children,509
Lambs Cincinatti,Games,508
Ladybugs Armageddon,Games,507
Lady Stage,Horror,506
Labyrinth League,Children,505
Kwai Homeward,Drama,504
Kramer Chocolate,Sports,503
Knock Warlock,Comedy,502
Kissing Dolls,Action,501
Kiss Glory,Foreign,500
King Evolution,Family,499
Killer Innocent,Family,498
Kill Brotherhood,Documentary,497
Kick Savannah,Travel,496
Kentuckian Giant,Horror,495
Karate Moon,Horror,494
Kane Exorcist,Foreign,493
Jungle Closer,New,492
Jumping Wrath,Children,491
Jumanji Blade,New,490
Juggler Hardly,Animation,489
Joon Northwest,Sports,488
Jingle Sagebrush,Classics,487
Jet Neighbors,Foreign,486
Jersey Sassy,Children,485
Jerk Paycheck,Classics,484
Jericho Mulan,Games,483
Jeopardy Encino,Classics,482
Jekyll Frogmen,New,481
Jeepers Wedding,Classics,480
Jedi Beneath,Family,479
Jaws Harry,Comedy,478
Jawbreaker Brooklyn,Music,477
Jason Trap,Family,476
Japanese Run,Horror,475
Jade Bunch,Sports,474
Jacket Frisco,Drama,473
Italian African,Travel,472
Island Exorcist,Classics,471
Ishtar Rocketeer,Animation,470
Iron Moon,Classics,469
Invasion Cyclone,Children,468
Intrigue Worst,Foreign,467
Intolerable Intentions,Documentary,466
Interview Liaisons,New,465
Intentions Empire,Animation,464
Instinct Airport,Sports,463
Insider Arizona,Music,462
Insects Stone,Animation,461
Innocent Usual,Foreign,460
Informer Double,Foreign,459
Indian Love,Family,458
Independence Hotel,Documentary,457
Inch Jet,Animation,456
Impossible Prejudice,Foreign,455
Impact Aladdin,Music,454
Image Princess,Sports,453
Illusion Amelie,Foreign,452
Igby Maker,Travel,451
Idols Snatchers,Children,450
Identity Lover,Sci-Fi,449
Idaho Love,New,448
Ice Crossing,Games,447
Hysterical Grail,Sports,446
Hyde Doctor,Classics,445
Hustler Party,Comedy,444
Hurricane Affair,Comedy,443
Hunting Musketeers,Family,442
Hunter Alter,Documentary,441
Hunger Roof,Foreign,440
Hunchback Impossible,Drama,439
Human Graffiti,Games,438
House Dynamite,Family,437
Hours Rage,New,436
Hotel Happiness,Foreign,435
Horror Reign,Travel,434
Horn Working,Animation,433
Hope Tootsie,Classics,432
Hoosiers Birdcage,Foreign,431
Hook Chariots,Animation,430
Honey Ties,Sports,429
Homicide Peach,Family,428
Homeward Cider,Documentary,427
Home Pity,Music,426
Holy Tadpole,Classics,425
Holocaust Highball,Children,424
Hollywood Anonymous,Children,423
Hollow Jeopardy,Sci-Fi,422
Holiday Games,Foreign,421
Holes Brannigan,Sports,420
Hocus Frida,Family,419
Hobbit Alien,Drama,418
Hills Neighbors,Action,417
Highball Potter,Foreign,416
High Encino,Horror,415
Hellfighters Sierra,Foreign,414
Hedwig Alter,Comedy,413
Heavyweights Beast,Documentary,412
Heavenly Gun,Music,411
Heaven Freedom,Comedy,410
Heartbreakers Bright,Children,409
Head Stranger,Games,408
Hawk Chill,Documentary,407
Haunting Pianist,Games,406
Haunted Antitrust,Travel,405
Hate Handicap,Comedy,404
Harry Idaho,Drama,403
Harper Dying,Animation,402
Harold French,Drama,401
Hardly Robbers,Documentary,400
Happiness United,Foreign,399
Hanover Galaxy,Music,398
Hanky October,Sci-Fi,397
Hanging Deep,Drama,396
Handicap Boondock,Action,395
Hamlet Wisdom,Sci-Fi,394
Halloween Nuts,Documentary,393
Hall Cassidy,Children,392
Half Outfield,Family,391
Guys Falcon,Sci-Fi,390
Gunfighter Mussolini,Sports,389
Gunfight Moon,Comedy,388
Gun Bonnie,Games,387
Gump Date,Travel,386
Groundhog Uncut,Comedy,385
Grosse Wonderful,Music,384
Groove Fiction,Sports,383
Grit Clockwork,Games,382
Grinch Massage,Games,381
Greek Everyone,Foreign,380
Greedy Roots,Drama,379
Greatest North,Music,378
Grease Youth,Family,377
Grapes Fury,Foreign,376
Grail Frankenstein,Action,375
Graffiti Love,Sci-Fi,374
Graduate Lord,Children,373
Graceland Dynamite,Sports,372
Gosford Donnie,Action,371
Gorgeous Bingo,Children,370
Goodfellas Salute,Sci-Fi,369
Gone Trouble,Drama,368
Goldmine Tycoon,Sci-Fi,367
Goldfinger Sensibility,Drama,366
Gold River,Comedy,365
Godfather Diary,New,364
Go Purple,Music,363
Glory Tracy,Games,362
Gleaming Jawbreaker,Sports,361
Glass Dying,Action,360
Gladiator Westward,Family,359
Gilmore Boiled,Classics,358
Gilbert Pelican,Classics,357
Giant Troopers,Children,356
Ghostbusters Elf,Animation,355
Ghost Groundhog,Children,354
Gentlemen Stage,Foreign,353
Gathering Calendar,Games,352
Gaslight Crusade,Horror,351
Garden Island,Sci-Fi,350
Gangs Pride,Animation,349
Gandhi Kwai,Family,348
Games Bowfinger,Travel,347
Galaxy Sweethearts,Classics,346
Gables Metropolis,Family,345
Fury Murder,Children,344
Full Flatliners,Children,343
Fugitive Maguire,Travel,342
Frost Head,Classics,341
Frontier Cabin,New,340
Frogmen Breaking,Travel,339
Frisco Forrest,Sci-Fi,338
Frida Slipper,Foreign,337
French Holiday,Documentary,336
Freedom Cleopatra,Comedy,335
Freddy Storm,Horror,334
Freaky Pocus,Music,333
Frankenstein Stranger,Comedy,332
Forward Temple,Games,331
Forrester Comancheros,Animation,330
Forrest Sons,Action,329
Forever Candidate,Children,328
Fool Mockingbird,Action,327
Flying Hook,Animation,326
Floats Garden,Animation,325
Flintstones Happiness,Comedy,324
Flight Lies,Sports,323
Flatliners Killer,Sports,322
Flamingos Connecticut,New,320
Fish Opus,Sci-Fi,319
Firehouse Vietnam,Action,318
Fireball Philadelphia,Comedy,317
Fire Wolves,Games,316
Finding Anaconda,Family,315
Fight Jawbreaker,Animation,314
Fidelity Devil,Horror,313
Fiddler Lost,Sci-Fi,312
Fiction Christmas,Foreign,311
Fever Empire,Games,310
Feud Frogmen,Family,309
Ferris Mother,Comedy,308
Fellowship Autumn,Travel,307
Feathers Metal,Games,306
Fatal Haunted,New,305
Fargo Gandhi,Children,304
Fantasy Troopers,Action,303
Fantasia Park,Games,302
Family Sweet,Horror,301
Falcon Volume,Animation,300
Factory Dragon,Travel,299
Eyes Driving,Sci-Fi,298
Extraordinary Conquerer,Classics,297
Express Lonely,Sci-Fi,296
Expendable Stallion,Documentary,295
Expecations Natural,Travel,294
Exorcist Sting,Sports,293
Excitement Eve,Action,292
Evolution Alter,Sports,291
Everyone Craft,Foreign,290
Eve Resurrection,New,289
Escape Metropolis,Travel,288
Entrapment Satisfaction,Action,287
Enough Raging,Travel,286
English Bulworth,Sci-Fi,285
Enemy Odds,Music,284
Ending Crowds,New,283
Encounters Curtain,Drama,282
Encino Elf,Games,281
Empire Malkovich,Children,280
Elizabeth Shane,Sports,279
Elf Murder,Music,278
Elephant Trojan,Horror,277
Element Freddy,Comedy,276
Egypt Tenenbaums,Horror,275
Egg Igby,Documentary,274
Effect Gladiator,Family,273
Edge Kissing,Drama,272
Easy Gladiator,Action,271
Earth Vision,New,270
Earring Instinct,Family,269
Early Home,Animation,268
Eagles Panky,New,267
Dynamite Tarzan,Classics,266
Dying Maker,Comedy,265
Dwarfs Alter,Games,264
Durham Panky,Sports,263
Dumbo Lust,Family,262
Duffel Apocalypse,Documentary,261
Dude Blindness,Sports,260
Duck Racer,Animation,259
Drums Dynamite,Horror,258
Drumline Cyclone,Travel,257
Drop Waterfront,Sports,256
Driving Polish,Music,255
Driver Annie,Sports,254
Drifter Commandments,Action,253
Dream Pickup,Action,252
Dragonfly Strangers,New,251
Dragon Squad,Action,250
Dracula Crystal,Classics,249
Dozen Lion,Documentary,248
Downhill Enough,Comedy,247
Doubtfire Labyrinth,Foreign,246
Double Wrath,Animation,245
Dorado Notting,Music,244
Doors President,Animation,243
Doom Dancing,Comedy,242
Donnie Alley,Animation,241
Dolls Rage,Sci-Fi,240
Dogma Family,Animation,239
Doctor Grail,Children,238
Divorce Shining,Sports,237
Divine Resurrection,Games,236
Divide Monster,Sci-Fi,235
Disturbing Scarface,Sci-Fi,234
Disciple Mother,Travel,233
Dirty Ace,Games,232
Dinosaur Secretary,Family,231
Diary Panic,Drama,230
Devil Desire,Action,229
Detective Vision,Classics,228
Details Packer,Games,227
Destiny Saturday,New,226
Destination Jerk,Drama,225
Desperate Trainspotting,Travel,224
Desire Alien,Animation,223
Desert Poseidon,Horror,222
Deliverance Mulholland,Documentary,221
Deer Virginian,Music,220
Deep Crusade,Documentary,219
Deceiver Betrayed,Drama,218
Dazed Punk,Games,217
Day Unfaithful,New,216
Dawn Pond,Games,215
Daughter Madigan,Children,214
Date Speed,Family,213
Darn Forrester,Action,212
Darling Breaking,Games,211
Darko Dorado,Action,210
Darkness War,Drama,209
Dares Pluto,Animation,208
Dangerous Uptown,Foreign,207
Dancing Fever,Documentary,206
Dances None,Action,205
Dalmations Sweden,Drama,204
Daisy Menagerie,Sci-Fi,203
Daddy Pittsburgh,Comedy,202
Cyclone Family,Foreign,201
Curtain Videotape,Games,200
Cupboard Sinners,Documentary,199
Crystal Breaking,Foreign,198
Crusade Honey,Sports,197
Cruelty Unforgiven,Classics,196
Crowds Telemark,Sci-Fi,195
Crow Grease,Action,194
Crossroads Casualties,Animation,193
Crossing Divorce,Foreign,192
Crooked Frogmen,Children,191
Creepers Kane,Classics,190
Creatures Shakespeare,Games,189
Crazy Home,Comedy,188
Cranes Reservoir,Sports,187
Craft Outfield,Drama,186
Cowboy Doom,Foreign,185
Core Suit,Classics,184
Conversation Downhill,Family,183
Control Anthem,Comedy,182
Contact Anonymous,Travel,181
Conspiracy Spirit,Classics,180
Conquerer Nuts,Drama,179
Connection Microcosmos,Comedy,178
Connecticut Tramp,Sci-Fi,177
Congeniality Quest,Sports,176
Confused Candles,Family,175
Confidential Interview,Music,174
Confessions Maguire,Drama,173
Coneheads Smoochy,Drama,172
Commandments Express,Horror,171
Command Darling,Foreign,170
Comforts Rush,Travel,169
Comancheros Enemy,Children,168
Coma Head,Travel,167
Color Philadelphia,Classics,166
Coldblooded Darling,Sci-Fi,165
Coast Rainbow,Documentary,164
Clyde Theory,New,163
Clueless Bucket,Action,162
Clue Grail,Music,161
Club Graffiti,Animation,160
Closer Bang,Comedy,159
Clones Pinocchio,Music,158
Clockwork Paradise,Children,157
Clerks Angels,Documentary,156
Cleopatra Devil,New,155
Clash Freddy,Animation,154
Citizen Shrek,Sci-Fi,153
Circus Youth,Children,152
Cincinatti Whisperer,Sci-Fi,151
Cider Desire,Documentary,150
Christmas Moonshine,Children,149
Chocolate Duck,Foreign,148
Chocolat Harry,Family,147
Chitty Lock,Drama,146
Chisum Behavior,Family,145
Chinatown Gladiator,New,144
Chill Luck,Drama,143
Chicken Hellfighters,Documentary,142
Chicago North,Games,141
Cheaper Clyde,Sci-Fi,140
Chasing Fight,Family,139
Chariots Conspiracy,Sci-Fi,138
Charade Duffel,Sci-Fi,137
Chaplin License,New,136
Chance Resurrection,Sports,135
Champion Flatliners,Animation,134
Chamber Italian,Music,133
Chainsaw Uptown,Sci-Fi,132
Center Dinosaur,Classics,131
Celebrity Horn,Action,130
Cause Date,Documentary,129
Catch Amistad,Foreign,128
Cat Coneheads,Comedy,127
Casualties Encino,Action,126
Cassidy Wyoming,Travel,125
Casper Dragonfly,Children,124
Casablanca Super,Travel,123
Carrie Bunch,Horror,122
Carol Texas,Animation,121
Caribbean Liberty,Sports,120
Caper Motions,Comedy,119
Canyon Stock,Animation,118
Candles Grapes,Games,117
Candidate Perdition,Classics,116
Campus Remember,Action,115
Camelot Vacation,Sci-Fi,114
California Birds,Sports,113
Calendar Gunfight,Foreign,112
Caddyshack Jedi,Action,111
Cabin Flash,Children,110
Butterfly Chocolat,New,109
Butch Panther,New,108
Bunch Minds,Drama,107
Bulworth Commandments,Games,106
Bull Shawshank,Action,105
Bugsy Song,Foreign,104
Bucket Brotherhood,Travel,103
Bubble Grosse,Sports,102
Brotherhood Blanket,Documentary,101
Brooklyn Desert,Foreign,100
Bringing Hysterical,Comedy,99
Bright Encounters,Drama,98
Bride Intrigue,Action,97
Breaking Home,New,96
Breakfast Goldfinger,New,95
Braveheart Human,Family,94
Brannigan Sunrise,New,93
Bowfinger Gables,Horror,92
Bound Cheaper,Classics,91
Boulevard Mob,New,90
Borrowers Bedazzled,Animation,89
Born Spinal,Travel,88
Boondock Ballroom,Travel,87
Boogie Amelie,Music,86
Bonnie Holocaust,Documentary,85
Boiled Dares,Travel,84
Blues Instinct,Family,83
Blood Argonauts,Family,82
Blindness Gun,Sci-Fi,81
Blanket Beverly,Family,80
Blade Polish,Drama,79
Blackout Private,Animation,78
Birds Perdition,New,77
Birdcage Casper,Music,76
Bird Independence,Travel,75
Birch Antitrust,Music,74
Bingo Talented,Sci-Fi,73
Bill Others,Documentary,72
Bilko Anonymous,Family,71
Bikini Borrowers,Animation,70
Beverly Outlaw,Sci-Fi,69
Betrayed Rear,Children,68
Berets Agent,Action,67
Beneath Rush,Children,66
Behavior Runaway,Horror,65
Beethoven Exorcist,Drama,64
Bedazzled Married,Family,63
Bed Highball,Documentary,62
Beauty Grease,Drama,61
Beast Hunchback,Classics,60
Bear Graceland,Children,59
Beach Heartbreakers,Documentary,58
Basic Easy,Travel,57
Barefoot Manchurian,Action,56
Barbarella Streetcar,Sci-Fi,55
Banger Pinocchio,Music,54
Bang Kwai,Family,53
Ballroom Mockingbird,Foreign,52
Balloon Homeward,Music,51
Baked Cleopatra,Family,50
Badman Dawn,Sci-Fi,49
Backlash Undefeated,Children,48
Baby Hall,Foreign,47
Autumn Crow,Games,46
Attraction Newton,New,45
Attacks Hate,Sci-Fi,44
Atlantis Cause,Family,43
Artist Coldblooded,Sports,42
Arsenic Independence,Travel,41
Army Flintstones,Documentary,40
Armageddon Lost,Sci-Fi,39
Ark Ridgemont,Action,38
Arizona Bang,Classics,37
Argonauts Town,Animation,36
Arachnophobia Rollercoaster,Horror,35
Arabia Dogma,Horror,34
Apollo Teen,Drama,33
Apocalypse Flamingos,New,32
Apache Divine,Family,31
Anything Savannah,Horror,30
Antitrust Tomatoes,Action,29
Anthem Luke,Comedy,28
Anonymous Human,Sports,27
Annie Identity,Sci-Fi,26
Angels Life,New,25
Analyze Hoosiers,Horror,24
Anaconda Confessions,Animation,23
Amistad Midsummer,New,22
American Circus,Action,21
Amelie Hellfighters,Music,20
Amadeus Holy,Action,19
Alter Victory,Animation,18
Alone Trip,Music,17
Alley Evolution,Foreign,16
Alien Center,Foreign,15
Alice Fantasia,Classics,14
Ali Forever,Horror,13
Alaska Phantom,Music,12
Alamo Videotape,Foreign,11
Aladdin Calendar,Sports,10
Alabama Devil,Horror,9
Airport Pollock,Horror,8
Airplane Sierra,Comedy,7
Agent Truman,Foreign,6
African Egg,Family,5
Affair Prejudice,Horror,4
Adaptation Holes,Documentary,3
Ace Goldfinger,Horror,2
Academy Dinosaur,Documentary,1
